Заголовок,Краткий текст,Класс,Уверенность,Причина
"Эксперты рассказали, появятся ли в аптеках шприц‑ручки для аллергиков","Фото: Andrey_Popov/FOTODOM/Shutterstock Фото: PAJDJW/FOTODOM/Shutterstock Фото: Denis_Komarov/FOTODOM/Shutterstoсk М.М. Тлиш, М.Е. Шавилова;КубГМУ Возрастные изменения... Фото: Andrey Suslov/FOTODOM/S...",Здравоохранение и экспертные мнения,0.5128,—
Разработка российских ученых позволит врачам эффективнее контролировать состояние пациентов с муковисцидозом,"Фото: greenbutterfly/FOTODOM/Shutterstock Фото: PAJDJW/FOTODOM/Shutterstock Фото: Denis_Komarov/FOTODOM/Shutterstoсk М.М. Тлиш, М.Е. Шавилова;КубГМУ Возрастные изменения... Фото: Andrey Suslov/FOTODOM...",Здравоохранение и экспертные мнения,0.5171,—
Лекарства с родословной: «Честный знак» отследит путь лекарства от субстанции до препарата в упаковке,"Фото: Studio217/FOTODOM/Shutterstock Фото: PAJDJW/FOTODOM/Shutterstock Фото: Denis_Komarov/FOTODOM/Shutterstoсk М.М. Тлиш, М.Е. Шавилова;КубГМУ Возрастные изменения... Фото: Andrey Suslov/FOTODOM/Shut...",Здравоохранение и экспертные мнения,0.5193,—
J&J получает права на новые препараты для лечения солидных опухолей,"Фото: ALIOUI Mohammed Elamine7/FOTODOM/Shutterstock Фото: PAJDJW/FOTODOM/Shutterstock Фото: Denis_Komarov/FOTODOM/Shutterstoсk М.М. Тлиш, М.Е. Шавилова;КубГМУ Возрастные изменения... Фото: Andrey Susl...",Здравоохранение и экспертные мнения,0.6203,—
Сеть клиник «Будь Здоров» и F.Doc запустили проект электронного документооборота с пациентами,"Фото: aNorther/FOTODOM/Shutterstock Фото: PAJDJW/FOTODOM/Shutterstock Фото: Denis_Komarov/FOTODOM/Shutterstoсk М.М. Тлиш, М.Е. Шавилова;КубГМУ Возрастные изменения... Фото: Andrey Suslov/FOTODOM/Shutt...",Здравоохранение и экспертные мнения,0.4914,—
«Биннофарм Групп» локализовала производство орфанного препарата,"Фото: Mike Mareen/FOTODOM/Shutterstock Фото: PAJDJW/FOTODOM/Shutterstock Фото: Denis_Komarov/FOTODOM/Shutterstoсk М.М. Тлиш, М.Е. Шавилова;КубГМУ Возрастные изменения... Фото: Andrey Suslov/FOTODOM/Sh...",Здравоохранение и экспертные мнения,0.5315,—
Первые в мире: ученые Роспотребнадзора разработали тест для быстрого выявления грибковых инфекций в легких,"Фото: Explode/FOTODOM/Shutterstock Фото: PAJDJW/FOTODOM/Shutterstock Фото: Denis_Komarov/FOTODOM/Shutterstoсk М.М. Тлиш, М.Е. Шавилова;КубГМУ Возрастные изменения... Фото: Andrey Suslov/FOTODOM/Shutte...",Здравоохранение и экспертные мнения,0.4876,—
Европейская комиссия проводит проверку на предприятиях Sanofi,"Фото: Andy Shell/FOTODOM/Shutterstock Фото: PAJDJW/FOTODOM/Shutterstock Фото: Denis_Komarov/FOTODOM/Shutterstoсk М.М. Тлиш, М.Е. Шавилова;КубГМУ Возрастные изменения... Фото: Andrey Suslov/FOTODOM/Shu...",Здравоохранение и экспертные мнения,0.5143,—
«Ригла» открыла аккредитационный центр для фармацевтов,"Фото: NFstock/FOTODOM/Shutterstock Фото: PAJDJW/FOTODOM/Shutterstock Фото: Denis_Komarov/FOTODOM/Shutterstoсk М.М. Тлиш, М.Е. Шавилова;КубГМУ Возрастные изменения... Фото: Andrey Suslov/FOTODOM/Shutte...",Здравоохранение и экспертные мнения,0.5099,—
FDA одобрило Blenrep от GSK для комбинированного лечения множественной миеломы,"Фото: CC7/FOTODOM/Shutterstock Фото: PAJDJW/FOTODOM/Shutterstock Фото: Denis_Komarov/FOTODOM/Shutterstoсk М.М. Тлиш, М.Е. Шавилова;КубГМУ Возрастные изменения... Фото: Andrey Suslov/FOTODOM/Shuttersto...",Здравоохранение и экспертные мнения,0.5326,—
Сингапур ужесточает наказание за использование электронных сигарет с этомидатом,"Фото: Hazem.m.kamal/FOTODOM/Shutterstock Фото: PAJDJW/FOTODOM/Shutterstock Фото: Denis_Komarov/FOTODOM/Shutterstoсk М.М. Тлиш, М.Е. Шавилова;КубГМУ Возрастные изменения... Фото: Andrey Suslov/FOTODOM/...",Здравоохранение и экспертные мнения,0.6071,—
"Открыт рецепторный механизм, отвечающий за контроль аппетита и массы тела","Фото: Chutima Chaochaiya/FOTODOM/Shutterstock Фото: PAJDJW/FOTODOM/Shutterstock Фото: Denis_Komarov/FOTODOM/Shutterstoсk М.М. Тлиш, М.Е. Шавилова;КубГМУ Возрастные изменения... Фото: Andrey Suslov/FOT...",Здравоохранение и экспертные мнения,0.5739,—
Спустя три года Конго объявила о новой вспышке лихорадки Эбола,"Фото: Arif biswas/FOTODOM/Shutterstock Фото: PAJDJW/FOTODOM/Shutterstock Фото: Denis_Komarov/FOTODOM/Shutterstoсk М.М. Тлиш, М.Е. Шавилова;КубГМУ Возрастные изменения... Фото: Andrey Suslov/FOTODOM/Sh...",Здравоохранение и экспертные мнения,0.5459,—
Запущено собственное производстве в «ядерной аптеке» Института ядерной медицины,"Фото: Creative_Bird/FOTODOM/Shutterstock Фото: PAJDJW/FOTODOM/Shutterstock Фото: Denis_Komarov/FOTODOM/Shutterstoсk М.М. Тлиш, М.Е. Шавилова;КубГМУ Возрастные изменения... Фото: Andrey Suslov/FOTODOM/...",Здравоохранение и экспертные мнения,0.4904,—
Перечень нозологий расширенного неонатального скрининга планируется увеличить на девять заболеваний,"Фото: Bohbeh creations/FOTODOM/Shutterstock Фото: PAJDJW/FOTODOM/Shutterstock Фото: Denis_Komarov/FOTODOM/Shutterstoсk М.М. Тлиш, М.Е. Шавилова;КубГМУ Возрастные изменения... Фото: Andrey Suslov/FOTOD...",Здравоохранение и экспертные мнения,0.5138,—
В Пермском Политехе создают первую в России универсальную платформу для производства элайнеров,"Фото: Alex Mit/FOTODOM/Shutterstock Фото: PAJDJW/FOTODOM/Shutterstock Фото: Denis_Komarov/FOTODOM/Shutterstoсk М.М. Тлиш, М.Е. Шавилова;КубГМУ Возрастные изменения... Фото: Andrey Suslov/FOTODOM/Shutt...",Здравоохранение и экспертные мнения,0.4895,—
Отечественное производство внутривенного питания появится в ОЭЗ «Технополис Москва»,"Фото: Leka Sergeeva/FOTODOM/Shutterstock Фото: PAJDJW/FOTODOM/Shutterstock Фото: Denis_Komarov/FOTODOM/Shutterstoсk М.М. Тлиш, М.Е. Шавилова;КубГМУ Возрастные изменения... Фото: Andrey Suslov/FOTODOM/...",Здравоохранение и экспертные мнения,0.5478,—
Открыт новый сезон конкурса «Платиновая унция»,"Фото: Maylim/FOTODOM/Shutterstock Фото: PAJDJW/FOTODOM/Shutterstock Фото: Denis_Komarov/FOTODOM/Shutterstoсk М.М. Тлиш, М.Е. Шавилова;КубГМУ Возрастные изменения... Фото: Andrey Suslov/FOTODOM/Shutter...",Здравоохранение и экспертные мнения,0.4642,—
Современный сахароснижающий препарат станет на 19% дешевле,"Фото: Sergio Photone/FOTODOM/Shutterstock Фото: PAJDJW/FOTODOM/Shutterstock Фото: Denis_Komarov/FOTODOM/Shutterstoсk М.М. Тлиш, М.Е. Шавилова;КубГМУ Возрастные изменения... Фото: Andrey Suslov/FOTODOM...",Здравоохранение и экспертные мнения,0.5539,—
«Биннофарм Групп» расширила линейку препаратов для женского здоровья,"Фото: WindNight/FOTODOM/Shutterstock Фото: PAJDJW/FOTODOM/Shutterstock Фото: Denis_Komarov/FOTODOM/Shutterstoсk М.М. Тлиш, М.Е. Шавилова;КубГМУ Возрастные изменения... Фото: Andrey Suslov/FOTODOM/Shut...",Здравоохранение и экспертные мнения,0.5328,—
Nabla Bio и Takeda расширяют партнерство в области разработки препаратов,"Фото: metamorworks/FOTODOM/Shutterstock Фото: PAJDJW/FOTODOM/Shutterstock Фото: Denis_Komarov/FOTODOM/Shutterstoсk М.М. Тлиш, М.Е. Шавилова;КубГМУ Возрастные изменения... Фото: Andrey Suslov/FOTODOM/S...",Здравоохранение и экспертные мнения,0.5029,—
На портале Госуслуг можно получить 32 вида электронных медицинских документов,"Фото: UnderhilStudio/FOTODOM/Shutterstock Фото: PAJDJW/FOTODOM/Shutterstock Фото: Denis_Komarov/FOTODOM/Shutterstoсk М.М. Тлиш, М.Е. Шавилова;КубГМУ Возрастные изменения... Фото: Andrey Suslov/FOTODOM...",Здравоохранение и экспертные мнения,0.546,—
XXII Премия Москвы в области медицины: прием заявок продолжается!,"Фото: adriaticfoto/FOTODOM/Shutterstock В столице продолжается приема заявок на соискание Премии Москвы в области медицины — традиционное ежегодное мероприятие, объединяющее тысячи врачей, ученых, что...",Заболевания и лечение,0.9667,—
Google и Flo выплатят 56 млн долларов США по делу о нарушении конфиденциальности,"Фото: ViDI Studio/FOTODOM/Shutterstock Фото: PAJDJW/FOTODOM/Shutterstock Фото: Denis_Komarov/FOTODOM/Shutterstoсk М.М. Тлиш, М.Е. Шавилова;КубГМУ Возрастные изменения... Фото: Andrey Suslov/FOTODOM/Sh...",Здравоохранение и экспертные мнения,0.4971,—
"Ученые накормили рачков микропластиком и посмотрели, что будет","Фото: MargJohnsonVA/FOTODOM/Shutterstock Фото: PAJDJW/FOTODOM/Shutterstock Фото: Denis_Komarov/FOTODOM/Shutterstoсk М.М. Тлиш, М.Е. Шавилова;КубГМУ Возрастные изменения... Фото: Andrey Suslov/FOTODOM/...",Здравоохранение и экспертные мнения,0.5298,—
"Яйцеклетки из кожи: ученые рассказали, какие возможные угрозы и проблемы таит в себе новая технология","Фото: FOTOGRIN/FOTODOM/Shutterstock Фото: PAJDJW/FOTODOM/Shutterstock Фото: Denis_Komarov/FOTODOM/Shutterstoсk М.М. Тлиш, М.Е. Шавилова;КубГМУ Возрастные изменения... Фото: Andrey Suslov/FOTODOM/Shutt...",Здравоохранение и экспертные мнения,0.5201,—
Голод в Нигерии: в стране закрылось 150 пунктов питания для беженцев,"Фото: E Pasqualli/FOTODOM/Shutterstock Фото: PAJDJW/FOTODOM/Shutterstock Фото: Denis_Komarov/FOTODOM/Shutterstoсk М.М. Тлиш, М.Е. Шавилова;КубГМУ Возрастные изменения... Фото: Andrey Suslov/FOTODOM/Sh...",Здравоохранение и экспертные мнения,0.5394,—
ИИ‑модель от Сбера поможет врачам анализировать здоровье сердца пациентов,"Фото: Have a nice day Photo/FOTODOM/Shutterstock Фото: PAJDJW/FOTODOM/Shutterstock Фото: Denis_Komarov/FOTODOM/Shutterstoсk М.М. Тлиш, М.Е. Шавилова;КубГМУ Возрастные изменения... Фото: Andrey Suslov/...",—,0.4434,Низкая уверенность модели
Для борьбы с плотоядным червем FDA разрешило применение препарата от Elanco,"Фото: 3rdtimeluckystudio/FOTODOM/Shutterstock Фото: PAJDJW/FOTODOM/Shutterstock Фото: Denis_Komarov/FOTODOM/Shutterstoсk М.М. Тлиш, М.Е. Шавилова;КубГМУ Возрастные изменения... Фото: Andrey Suslov/FOT...",Здравоохранение и экспертные мнения,0.5901,—
«Биннофарм Групп» выходит на рынок Индонезии,"Фото: Ivanova Tanja/FOTODOM/Shutterstock Фото: PAJDJW/FOTODOM/Shutterstock Фото: Denis_Komarov/FOTODOM/Shutterstoсk М.М. Тлиш, М.Е. Шавилова;КубГМУ Возрастные изменения... Фото: Andrey Suslov/FOTODOM/...",Здравоохранение и экспертные мнения,0.5364,—
Ключевые изменения и новые механизмы контроля на рынке БАД,"Фото: New Africa/FOTODOM/Shutterstock Фото: PAJDJW/FOTODOM/Shutterstock Фото: Denis_Komarov/FOTODOM/Shutterstoсk М.М. Тлиш, М.Е. Шавилова;КубГМУ Возрастные изменения... Фото: Andrey Suslov/FOTODOM/Shu...",Здравоохранение и экспертные мнения,0.4719,—
FDA одобрило новый препарат для лечения острого миелоидного лейкоза,"Фото: SeventyFour/FOTODOM/Shutterstock Фото: PAJDJW/FOTODOM/Shutterstock Фото: Denis_Komarov/FOTODOM/Shutterstoсk М.М. Тлиш, М.Е. Шавилова;КубГМУ Возрастные изменения... Фото: Andrey Suslov/FOTODOM/Sh...",Здравоохранение и экспертные мнения,0.5378,—
«НИЖФАРМ» и РГНКЦ объединят усилия в развитии культуры активного долголетия,"Фото: pikselstock/FOTODOM/Shutterstock Фото: PAJDJW/FOTODOM/Shutterstock Фото: Denis_Komarov/FOTODOM/Shutterstoсk М.М. Тлиш, М.Е. Шавилова;КубГМУ Возрастные изменения... Фото: Andrey Suslov/FOTODOM/Sh...",Здравоохранение и экспертные мнения,0.5193,—
Такеда заключила соглашение по передаче непрофильных активов и производственной площадки в Ярославле,"Фото: Andrei Kobylko/FOTODOM/Shutterstock Фото: PAJDJW/FOTODOM/Shutterstock Фото: Denis_Komarov/FOTODOM/Shutterstoсk М.М. Тлиш, М.Е. Шавилова;КубГМУ Возрастные изменения... Фото: Andrey Suslov/FOTODOM...",Здравоохранение и экспертные мнения,0.5527,—
BIOCAD представил первый в России биоаналог даратумумаба,"Фото: Carlos Cid/FOTODOM/Shutterstock Фото: PAJDJW/FOTODOM/Shutterstock Фото: Denis_Komarov/FOTODOM/Shutterstoсk М.М. Тлиш, М.Е. Шавилова;КубГМУ Возрастные изменения... Фото: Andrey Suslov/FOTODOM/Shu...",Здравоохранение и экспертные мнения,0.5146,—
"ПРОМОМЕД привлек 1,7 млрд рублей с помощью облигаций нового формата","Фото: ImageFlow/FOTODOM/Shutterstock Фото: PAJDJW/FOTODOM/Shutterstock Фото: Denis_Komarov/FOTODOM/Shutterstoсk М.М. Тлиш, М.Е. Шавилова;КубГМУ Возрастные изменения... Фото: Andrey Suslov/FOTODOM/Shut...",Здравоохранение и экспертные мнения,0.4944,—
Сеченовский Университет выиграл грант в размере 250 миллионов рублей на создание Центра лазерных технологий в медицине,"Фото: Yurchanka Siarhei/FOTODOM/Shutterstock Фото: PAJDJW/FOTODOM/Shutterstock Фото: Denis_Komarov/FOTODOM/Shutterstoсk М.М. Тлиш, М.Е. Шавилова;КубГМУ Возрастные изменения... Фото: Andrey Suslov/FOTO...",Здравоохранение и экспертные мнения,0.6176,—
18 ноября в Большевик Лофт состоялась Торжественная Церемония вручения международной отраслевой премии «ФАРМАСЛАВА 2025»,"Фото: Компания Фармаслава 18 ноября в Большевик Лофтсостоялась Торжественная Церемония вручения международной отраслевой премии «ФАРМАСЛАВА 2025». Победителей выбирало профессиональное жюри, состоящее...",—,0.3873,Низкая уверенность модели
FDA выпустило новые требования о назначении препарата Elevidys пациентам с МДД,"Фото: MMD Creative/FOTODOM/Shutterstock Фото: PAJDJW/FOTODOM/Shutterstock Фото: Denis_Komarov/FOTODOM/Shutterstoсk М.М. Тлиш, М.Е. Шавилова;КубГМУ Возрастные изменения... Фото: Andrey Suslov/FOTODOM/S...",Здравоохранение и экспертные мнения,0.4557,—
Дания принесла извинения за принудительный контроль рождаемости в Гренландии,"Фото: Nicoleta Ionescu/FOTODOM/Shutterstock Фото: PAJDJW/FOTODOM/Shutterstock Фото: Denis_Komarov/FOTODOM/Shutterstoсk М.М. Тлиш, М.Е. Шавилова;КубГМУ Возрастные изменения... Фото: Andrey Suslov/FOTOD...",Здравоохранение и экспертные мнения,0.5523,—
Lilly заключает сделку с Superluminal по разработке препаратов от ожирения,"Фото: Christin Klose/FOTODOM/Shutterstock Фото: PAJDJW/FOTODOM/Shutterstock Фото: Denis_Komarov/FOTODOM/Shutterstoсk М.М. Тлиш, М.Е. Шавилова;КубГМУ Возрастные изменения... Фото: Andrey Suslov/FOTODOM...",Здравоохранение и экспертные мнения,0.5405,—
В Москве введен новый стандарт лечения сердечно‑сосудистых заболеваний,"Фото: Elnur/FOTODOM/Shutterstock Фото: PAJDJW/FOTODOM/Shutterstock Фото: Denis_Komarov/FOTODOM/Shutterstoсk М.М. Тлиш, М.Е. Шавилова;КубГМУ Возрастные изменения... Фото: Andrey Suslov/FOTODOM/Shutters...",Здравоохранение и экспертные мнения,0.4919,—
Фармкомпания «ВЕРТЕКС» промаркировала 570 млн упаковок продукции за пять лет,"Фото: ktsdesign/FOTODOM/Shutterstock Фото: PAJDJW/FOTODOM/Shutterstock Фото: Denis_Komarov/FOTODOM/Shutterstoсk М.М. Тлиш, М.Е. Шавилова;КубГМУ Возрастные изменения... Фото: Andrey Suslov/FOTODOM/Shut...",Здравоохранение и экспертные мнения,0.5713,—
Черный список для маркетплейсов: создание реестра остановит опасные медтовары,"Фото: olesia_g/FOTODOM/Shutterstock Фото: PAJDJW/FOTODOM/Shutterstock Фото: Denis_Komarov/FOTODOM/Shutterstoсk М.М. Тлиш, М.Е. Шавилова;КубГМУ Возрастные изменения... Фото: Andrey Suslov/FOTODOM/Shutt...",Здравоохранение и экспертные мнения,0.5463,—
"Специалист дал советы о том, как спастись от аллергической бури","Фото: Elizaveta Galitckaia/FOTODOM/Shutterstock Фото: PAJDJW/FOTODOM/Shutterstock Фото: Denis_Komarov/FOTODOM/Shutterstoсk М.М. Тлиш, М.Е. Шавилова;КубГМУ Возрастные изменения... Фото: Andrey Suslov/F...",Здравоохранение и экспертные мнения,0.6065,—
Инъекционная форма препарата Leqembi от Eisai и Biogen одобрена FDA,"Фото: sdecoret/FOTODOM/Shutterstock Фото: PAJDJW/FOTODOM/Shutterstock Фото: Denis_Komarov/FOTODOM/Shutterstoсk М.М. Тлиш, М.Е. Шавилова;КубГМУ Возрастные изменения... Фото: Andrey Suslov/FOTODOM/Shutt...",Здравоохранение и экспертные мнения,0.5183,—
В Нью-Йорке подтвержден первый незавозной случай лихорадки чикунгунья,"Фото: Anton Watman/FOTODOM/Shutterstock Фото: PAJDJW/FOTODOM/Shutterstock Фото: Denis_Komarov/FOTODOM/Shutterstoсk М.М. Тлиш, М.Е. Шавилова;КубГМУ Возрастные изменения... Фото: Andrey Suslov/FOTODOM/S...",Здравоохранение и экспертные мнения,0.5222,—
AI‑помощник от Сбера поможет пациентам получать расшифровку лабораторных анализов,"Фото: raker/FOTODOM/Shutterstock Фото: PAJDJW/FOTODOM/Shutterstock Фото: Denis_Komarov/FOTODOM/Shutterstoсk М.М. Тлиш, М.Е. Шавилова;КубГМУ Возрастные изменения... Фото: Andrey Suslov/FOTODOM/Shutters...",—,0.4365,Низкая уверенность модели
Суданский штамм вируса Эбола может сохраняться в организме несколько месяцев,"Фото: Crevis/FOTODOM/Shutterstock Фото: PAJDJW/FOTODOM/Shutterstock Фото: Denis_Komarov/FOTODOM/Shutterstoсk М.М. Тлиш, М.Е. Шавилова;КубГМУ Возрастные изменения... Фото: Andrey Suslov/FOTODOM/Shutter...",—,0.4307,Низкая уверенность модели
Энхерту от AstraZeneca эффективен при лечении рака молочной железы ранней стадии,"Фото: Akadet Guy/FOTODOM/Shutterstock Фото: PAJDJW/FOTODOM/Shutterstock Фото: Denis_Komarov/FOTODOM/Shutterstoсk М.М. Тлиш, М.Е. Шавилова;КубГМУ Возрастные изменения... Фото: Andrey Suslov/FOTODOM/Shu...",Здравоохранение и экспертные мнения,0.532,—
В городе Газа официально объявлено состояние катастрофического голода,"Фото: Anas-Mohammed/FOTODOM/Shutterstock Фото: PAJDJW/FOTODOM/Shutterstock Фото: Denis_Komarov/FOTODOM/Shutterstoсk М.М. Тлиш, М.Е. Шавилова;КубГМУ Возрастные изменения... Фото: Andrey Suslov/FOTODOM/...",Здравоохранение и экспертные мнения,0.5558,—
MSD ликвидирует исследовательский центр в Лондоне,"Фото: Gorodenkoff/FOTODOM/Shutterstock Фото: PAJDJW/FOTODOM/Shutterstock Фото: Denis_Komarov/FOTODOM/Shutterstoсk М.М. Тлиш, М.Е. Шавилова;КубГМУ Возрастные изменения... Фото: Andrey Suslov/FOTODOM/Sh...",Здравоохранение и экспертные мнения,0.5202,—
AstraZeneca приостановила инвестиционный проект в Великобритании,"Фото: LADYMAYPIX/FOTODOM/Shutterstock Фото: PAJDJW/FOTODOM/Shutterstock Фото: Denis_Komarov/FOTODOM/Shutterstoсk М.М. Тлиш, М.Е. Шавилова;КубГМУ Возрастные изменения... Фото: Andrey Suslov/FOTODOM/Shu...",Здравоохранение и экспертные мнения,0.5238,—
Препарат от Cytokinetics по эффективности превзошел стандарт лечения метопролол,"Фото: rsooll/FOTODOM/Shutterstock Фото: PAJDJW/FOTODOM/Shutterstock Фото: Denis_Komarov/FOTODOM/Shutterstoсk М.М. Тлиш, М.Е. Шавилова;КубГМУ Возрастные изменения... Фото: Andrey Suslov/FOTODOM/Shutter...",Здравоохранение и экспертные мнения,0.5064,—
В России стартовали поставки первого отечественного биоаналога для лечения слепоты из перечня ЖНВЛП,"Фото: ozrimoz/FOTODOM/Shutterstock Фото: PAJDJW/FOTODOM/Shutterstock Фото: Denis_Komarov/FOTODOM/Shutterstoсk М.М. Тлиш, М.Е. Шавилова;КубГМУ Возрастные изменения... Фото: Andrey Suslov/FOTODOM/Shutte...",Здравоохранение и экспертные мнения,0.5067,—
Ученые предупреждают о рисках набирающей популярность улиточной терапии,"Фото: Kat Ka/FOTODOM/Shutterstock Фото: PAJDJW/FOTODOM/Shutterstock Фото: Denis_Komarov/FOTODOM/Shutterstoсk М.М. Тлиш, М.Е. Шавилова;КубГМУ Возрастные изменения... Фото: Andrey Suslov/FOTODOM/Shutter...",Здравоохранение и экспертные мнения,0.5196,—
Novo Nordisk уступает позиции на рынке своему конкуренту Eli Lilly,"Фото: Sergey Nivens/FOTODOM/Shutterstock Фото: PAJDJW/FOTODOM/Shutterstock Фото: Denis_Komarov/FOTODOM/Shutterstoсk М.М. Тлиш, М.Е. Шавилова;КубГМУ Возрастные изменения... Фото: Andrey Suslov/FOTODOM/...",Здравоохранение и экспертные мнения,0.5579,—
ПРОМОМЕД выпустил препарат для борьбы с различными видами боли,"Фото: pathdoc/FOTODOM/Shutterstock Фото: PAJDJW/FOTODOM/Shutterstock Фото: Denis_Komarov/FOTODOM/Shutterstoсk М.М. Тлиш, М.Е. Шавилова;КубГМУ Возрастные изменения... Фото: Andrey Suslov/FOTODOM/Shutte...",Здравоохранение и экспертные мнения,0.5265,—
Ежегодный фармацевтический интернациональный лагерь инноваций ФИЛИН-2025,"Фото: adriaticfoto/FOTODOM/Shutterstock Фото: PAJDJW/FOTODOM/Shutterstock Фото: Denis_Komarov/FOTODOM/Shutterstoсk М.М. Тлиш, М.Е. Шавилова;КубГМУ Возрастные изменения... Фото: Andrey Suslov/FOTODOM/S...",Здравоохранение и экспертные мнения,0.554,—
Нижняя палата парламента Уругвая приняла законопроект об эвтаназии,"Фото: Stokkete/FOTODOM/Shutterstock Фото: PAJDJW/FOTODOM/Shutterstock Фото: Denis_Komarov/FOTODOM/Shutterstoсk М.М. Тлиш, М.Е. Шавилова;КубГМУ Возрастные изменения... Фото: Andrey Suslov/FOTODOM/Shutt...",Здравоохранение и экспертные мнения,0.5242,—
"Новинки в медицинских изданиях в сфере фармации, фармацевтики и здравоохранения","Читайте обновленный мастер-класс, успешно используйте полученные знания на практике и делитесь своими впечатлениями – мы, как и всегда, будем рады обратной связи! Рекомендации для врачей по ведению па...",Фармацевтика,0.7973,—
Обинутузумаб в России теперь может применяться для лечения волчаночного нефрита,"Фото: crystal light/FOTODOM/Shutterstock Фото: PAJDJW/FOTODOM/Shutterstock Фото: Denis_Komarov/FOTODOM/Shutterstoсk М.М. Тлиш, М.Е. Шавилова;КубГМУ Возрастные изменения... Фото: Andrey Suslov/FOTODOM/...",Здравоохранение и экспертные мнения,0.5095,—
В США возобновляет работу группа по обеспечению безопасности вакцин для детей,"Фото: Yuriy Golub/FOTODOM/Shutterstock Фото: PAJDJW/FOTODOM/Shutterstock Фото: Denis_Komarov/FOTODOM/Shutterstoсk М.М. Тлиш, М.Е. Шавилова;КубГМУ Возрастные изменения... Фото: Andrey Suslov/FOTODOM/Sh...",Здравоохранение и экспертные мнения,0.5479,—
В России начали внедрять сервис подписания согласий на участие в КИ в приложении,"Фото: thanmano/FOTODOM/Shutterstock Фото: PAJDJW/FOTODOM/Shutterstock Фото: Denis_Komarov/FOTODOM/Shutterstoсk М.М. Тлиш, М.Е. Шавилова;КубГМУ Возрастные изменения... Фото: Andrey Suslov/FOTODOM/Shutt...",Здравоохранение и экспертные мнения,0.4891,—
Курение электронных сигарет вызывает повреждение эндотелия легочных сосудов,"Фото: Yta23/FOTODOM/Shutterstock Фото: PAJDJW/FOTODOM/Shutterstock Фото: Denis_Komarov/FOTODOM/Shutterstoсk М.М. Тлиш, М.Е. Шавилова;КубГМУ Возрастные изменения... Фото: Andrey Suslov/FOTODOM/Shutters...",Здравоохранение и экспертные мнения,0.506,—
БИОТ 2025: праздник безопасности длиной в год,"Фото: Andrey Suslov/FOTODOM/Shutterstock 11-14 ноября 2025 годав московском «Крокус Экспо» проходило главное событие отрасли, объединяющее государство, бизнес и экспертное сообщество вокруг вопросов б...",—,0.2865,Низкая уверенность модели
Ученые доказали: осознанность и самосострадание помогают бороться с депрессией,"Фото: Jorm Sangsorn/FOTODOM/Shutterstock Фото: PAJDJW/FOTODOM/Shutterstock Фото: Denis_Komarov/FOTODOM/Shutterstoсk М.М. Тлиш, М.Е. Шавилова;КубГМУ Возрастные изменения... Фото: Andrey Suslov/FOTODOM/...",Здравоохранение и экспертные мнения,0.5591,—
Рост выручки ПРОМОМЕД составил 82%,"Фото: Jirsak/FOTODOM/Shutterstock Фото: PAJDJW/FOTODOM/Shutterstock Фото: Denis_Komarov/FOTODOM/Shutterstoсk М.М. Тлиш, М.Е. Шавилова;КубГМУ Возрастные изменения... Фото: Andrey Suslov/FOTODOM/Shutter...",Здравоохранение и экспертные мнения,0.5184,—
Пожилые люди с плохим самочувствием могут восстановить здоровье за три года,"Фото: Lordn/FOTODOM/Shutterstock Фото: PAJDJW/FOTODOM/Shutterstock Фото: Denis_Komarov/FOTODOM/Shutterstoсk М.М. Тлиш, М.Е. Шавилова;КубГМУ Возрастные изменения... Фото: Andrey Suslov/FOTODOM/Shutters...",Здравоохранение и экспертные мнения,0.4868,—
Разработан хирургический скальпель с датчиком для интраоперационной диагностики,"Фото: ravipat/FOTODOM/Shutterstock Фото: PAJDJW/FOTODOM/Shutterstock Фото: Denis_Komarov/FOTODOM/Shutterstoсk М.М. Тлиш, М.Е. Шавилова;КубГМУ Возрастные изменения... Фото: Andrey Suslov/FOTODOM/Shutte...",Здравоохранение и экспертные мнения,0.5136,—
"Ученые доказали, что языковые центры мозга начинают работать до рождения","Фото: Demkat/FOTODOM/Shutterstock Фото: PAJDJW/FOTODOM/Shutterstock Фото: Denis_Komarov/FOTODOM/Shutterstoсk М.М. Тлиш, М.Е. Шавилова;КубГМУ Возрастные изменения... Фото: Andrey Suslov/FOTODOM/Shutter...",Здравоохранение и экспертные мнения,0.4889,—
"Россияне прошли испытание Адлером: ВСК выявил самый опасный летний курорт, больше всего проблем у отдыхающих — с ЖКТ","Фото: Orla/FOTODOM/Shutterstock Фото: PAJDJW/FOTODOM/Shutterstock Фото: Denis_Komarov/FOTODOM/Shutterstoсk М.М. Тлиш, М.Е. Шавилова;КубГМУ Возрастные изменения... Фото: Andrey Suslov/FOTODOM/Shutterst...",Здравоохранение и экспертные мнения,0.4577,—
"Специалист рассказал, какие анализы подтверждают употребление вейпов","Фото: Aleksandr Yu/FOTODOM/Shutterstock Фото: PAJDJW/FOTODOM/Shutterstock Фото: Denis_Komarov/FOTODOM/Shutterstoсk М.М. Тлиш, М.Е. Шавилова;КубГМУ Возрастные изменения... Фото: Andrey Suslov/FOTODOM/S...",Здравоохранение и экспертные мнения,0.5546,—
Бангладеш начинает кампанию по вакцинации детей против брюшного тифа,"Фото: Mahsun YILDIZ/FOTODOM/Shutterstock Фото: PAJDJW/FOTODOM/Shutterstock Фото: Denis_Komarov/FOTODOM/Shutterstoсk М.М. Тлиш, М.Е. Шавилова;КубГМУ Возрастные изменения... Фото: Andrey Suslov/FOTODOM/...",Здравоохранение и экспертные мнения,0.5572,—
"ЮНИСЕФ: Израиль запрещает ввоз в Газу 1,6 миллиона шприцев для вакцинации детей","Фото: Denis Anikin V/FOTODOM/Shutterstock Фото: PAJDJW/FOTODOM/Shutterstock Фото: Denis_Komarov/FOTODOM/Shutterstoсk М.М. Тлиш, М.Е. Шавилова;КубГМУ Возрастные изменения... Фото: Andrey Suslov/FOTODOM...",Здравоохранение и экспертные мнения,0.5792,—
На здравоохранение в России до 2030 года дополнительно направят 1 триллион рублей,"Фото: Natali _ Mis/FOTODOM/Shutterstock Фото: PAJDJW/FOTODOM/Shutterstock Фото: Denis_Komarov/FOTODOM/Shutterstoсk М.М. Тлиш, М.Е. Шавилова;КубГМУ Возрастные изменения... Фото: Andrey Suslov/FOTODOM/S...",Здравоохранение и экспертные мнения,0.5174,—
Кетоновые пищевые добавки предотвращают потерю мышечной массы при похудении,"Фото: Honeybee49/FOTODOM/Shutterstock Фото: PAJDJW/FOTODOM/Shutterstock Фото: Denis_Komarov/FOTODOM/Shutterstoсk М.М. Тлиш, М.Е. Шавилова;КубГМУ Возрастные изменения... Фото: Andrey Suslov/FOTODOM/Shu...",Здравоохранение и экспертные мнения,0.5307,—
FDA одобрило препарат от Lilly для лечения прогрессирующего рака молочной железы,"Фото: Axel_Kock/FOTODOM/Shutterstock Фото: PAJDJW/FOTODOM/Shutterstock Фото: Denis_Komarov/FOTODOM/Shutterstoсk М.М. Тлиш, М.Е. Шавилова;КубГМУ Возрастные изменения... Фото: Andrey Suslov/FOTODOM/Shut...",Здравоохранение и экспертные мнения,0.5516,—
Создано уникальное оборудование для нанесения антибактериальных покрытий на хирургические нити,"Фото: Nazarenko LLC/FOTODOM/Shutterstock Фото: PAJDJW/FOTODOM/Shutterstock Фото: Denis_Komarov/FOTODOM/Shutterstoсk М.М. Тлиш, М.Е. Шавилова;КубГМУ Возрастные изменения... Фото: Andrey Suslov/FOTODOM/...",Здравоохранение и экспертные мнения,0.5381,—
Для лечения синдрома Барта одобрен первый препарат,"Фото: Shawn Hempel/FOTODOM/Shutterstock Фото: PAJDJW/FOTODOM/Shutterstock Фото: Denis_Komarov/FOTODOM/Shutterstoсk М.М. Тлиш, М.Е. Шавилова;КубГМУ Возрастные изменения... Фото: Andrey Suslov/FOTODOM/S...",Здравоохранение и экспертные мнения,0.5095,—
В России завершились доклинические испытания первого иммуноинженерного TRC‑препарата против рака молочной железы,"Фото: Debby Lowe/FOTODOM/Shutterstock Фото: PAJDJW/FOTODOM/Shutterstock Фото: Denis_Komarov/FOTODOM/Shutterstoсk М.М. Тлиш, М.Е. Шавилова;КубГМУ Возрастные изменения... Фото: Andrey Suslov/FOTODOM/Shu...",Здравоохранение и экспертные мнения,0.5473,—
Кашель у детей и взрослых: как отличить норму от тревожных сигналов,"Фото: Pixel-Shot/FOTODOM/Shutterstock Фото: PAJDJW/FOTODOM/Shutterstock Фото: Denis_Komarov/FOTODOM/Shutterstoсk М.М. Тлиш, М.Е. Шавилова;КубГМУ Возрастные изменения... Фото: Andrey Suslov/FOTODOM/Shu...",Здравоохранение и экспертные мнения,0.5285,—
В МИФИ создали тренажер для пациентов с ДЦП и реабилитации после инсульта и травм,"Фото: Minerva Studio/FOTODOM/Shutterstock Фото: PAJDJW/FOTODOM/Shutterstock Фото: Denis_Komarov/FOTODOM/Shutterstoсk М.М. Тлиш, М.Е. Шавилова;КубГМУ Возрастные изменения... Фото: Andrey Suslov/FOTODOM...",Здравоохранение и экспертные мнения,0.4892,—
«Моторика» вывела на рынок новый инновационный протез,"Фото: yurakrasil/FOTODOM/Shutterstock Фото: PAJDJW/FOTODOM/Shutterstock Фото: Denis_Komarov/FOTODOM/Shutterstoсk М.М. Тлиш, М.Е. Шавилова;КубГМУ Возрастные изменения... Фото: Andrey Suslov/FOTODOM/Shu...",Здравоохранение и экспертные мнения,0.5468,—
Доля российских лекарств на фармрынке достигла 70%,"Фото: i viewfinder/FOTODOM/Shutterstock Фото: PAJDJW/FOTODOM/Shutterstock Фото: Denis_Komarov/FOTODOM/Shutterstoсk М.М. Тлиш, М.Е. Шавилова;КубГМУ Возрастные изменения... Фото: Andrey Suslov/FOTODOM/S...",Здравоохранение и экспертные мнения,0.4914,—
Маркировка медицинских изделий набирает обороты,"Фото: PaO_STUDIO/FOTODOM/Shutterstock Фото: PAJDJW/FOTODOM/Shutterstock Фото: Denis_Komarov/FOTODOM/Shutterstoсk М.М. Тлиш, М.Е. Шавилова;КубГМУ Возрастные изменения... Фото: Andrey Suslov/FOTODOM/Shu...",Здравоохранение и экспертные мнения,0.5213,—
«Инновационное предприятие Нова» начало серийный выпуск комплектующих для средств самоконтроля при диабете,"Фото: fi3/FOTODOM/Shutterstock Фото: PAJDJW/FOTODOM/Shutterstock Фото: Denis_Komarov/FOTODOM/Shutterstoсk М.М. Тлиш, М.Е. Шавилова;КубГМУ Возрастные изменения... Фото: Andrey Suslov/FOTODOM/Shuttersto...",Здравоохранение и экспертные мнения,0.465,—
Во Франции из продажи изъяты мягкие сыры из-за двух случаев смерти от листериоза,"Фото: Rimma Bondarenko/FOTODOM/Shutterstock Фото: PAJDJW/FOTODOM/Shutterstock Фото: Denis_Komarov/FOTODOM/Shutterstoсk М.М. Тлиш, М.Е. Шавилова;КубГМУ Возрастные изменения... Фото: Andrey Suslov/FOTOD...",Здравоохранение и экспертные мнения,0.5576,—
"Alkermes заключает сделку по приобретению Avadel за 2,1 млрд долларов США","Фото: CURAphotography/FOTODOM/Shutterstock Фото: PAJDJW/FOTODOM/Shutterstock Фото: Denis_Komarov/FOTODOM/Shutterstoсk М.М. Тлиш, М.Е. Шавилова;КубГМУ Возрастные изменения... Фото: Andrey Suslov/FOTODO...",Здравоохранение и экспертные мнения,0.5197,—
Johnson & Johnson планирует приобретение компании Protagonist Therapeutics,"Фото: SmartPhotoLab/FOTODOM/Shutterstock Фото: PAJDJW/FOTODOM/Shutterstock Фото: Denis_Komarov/FOTODOM/Shutterstoсk М.М. Тлиш, М.Е. Шавилова;КубГМУ Возрастные изменения... Фото: Andrey Suslov/FOTODOM/...",Здравоохранение и экспертные мнения,0.5356,—
Зеленоградская площадка «Биннофарм Групп» наращивает экспортные поставки с зеленоградской площадки,"Фото: Vladeep/FOTODOM/Shutterstock Фото: PAJDJW/FOTODOM/Shutterstock Фото: Denis_Komarov/FOTODOM/Shutterstoсk М.М. Тлиш, М.Е. Шавилова;КубГМУ Возрастные изменения... Фото: Andrey Suslov/FOTODOM/Shutte...",Здравоохранение и экспертные мнения,0.5318,—
Eli Lilly получила права на препарат для лечения редкого заболевания глаз,"Фото: Life science/FOTODOM/Shutterstock Фото: PAJDJW/FOTODOM/Shutterstock Фото: Denis_Komarov/FOTODOM/Shutterstoсk М.М. Тлиш, М.Е. Шавилова;КубГМУ Возрастные изменения... Фото: Andrey Suslov/FOTODOM/S...",—,0.4103,Низкая уверенность модели
Великобритания сокращает помощь на борьбу с инфекционными заболеваниями на 15%,"Фото: ImagePixel/FOTODOM/Shutterstock Фото: PAJDJW/FOTODOM/Shutterstock Фото: Denis_Komarov/FOTODOM/Shutterstoсk М.М. Тлиш, М.Е. Шавилова;КубГМУ Возрастные изменения... Фото: Andrey Suslov/FOTODOM/Shu...",Здравоохранение и экспертные мнения,0.4857,—
Завод Фармасинтез‑Медтех обеспечит Россию качественным оборудованием для диализа,"Фото: TimeLineArtist/FOTODOM/Shutterstock Фото: PAJDJW/FOTODOM/Shutterstock Фото: Denis_Komarov/FOTODOM/Shutterstoсk М.М. Тлиш, М.Е. Шавилова;КубГМУ Возрастные изменения... Фото: Andrey Suslov/FOTODOM...",Здравоохранение и экспертные мнения,0.5216,—
Андрей Каприн: В течение шести лет мы буквально каждый день синтезируем новые радиофармацевтические препараты,"Фото: Lijphoto/FOTODOM/Shutterstock Фото: PAJDJW/FOTODOM/Shutterstock Фото: Denis_Komarov/FOTODOM/Shutterstoсk М.М. Тлиш, М.Е. Шавилова;КубГМУ Возрастные изменения... Фото: Andrey Suslov/FOTODOM/Shutt...",Здравоохранение и экспертные мнения,0.5465,—
"Novartis заключила соглашение с Monte Rosa на сумму 5,7 млрд долларов США","Фото: Sutthicha Weerawong/FOTODOM/Shutterstock Фото: PAJDJW/FOTODOM/Shutterstock Фото: Denis_Komarov/FOTODOM/Shutterstoсk М.М. Тлиш, М.Е. Шавилова;КубГМУ Возрастные изменения... Фото: Andrey Suslov/FO...",Здравоохранение и экспертные мнения,0.5628,—
Российское Общество Колоректальных Хирургов: комплексная борьба с колоректальными заболеваниями – от повышения квалификации врачей до просвещения пациентов,"Фото: Monkey Business Images/FOTODOM/Shutterstock 12–13 сентября 2025 годавАртёмесостоялась международная конференция Российского Общества Колоректальных Хирургов (РОКХ) «Форсаж», объединившая ведущих...",Общественное здоровье,0.6049,—
При реализации орфанного препарата Элапраза ФАС выявила антиконкурентное соглашение,"Фото: Michail Petrov/FOTODOM/Shutterstock Фото: PAJDJW/FOTODOM/Shutterstock Фото: Denis_Komarov/FOTODOM/Shutterstoсk М.М. Тлиш, М.Е. Шавилова;КубГМУ Возрастные изменения... Фото: Andrey Suslov/FOTODOM...",Здравоохранение и экспертные мнения,0.5581,—
"Индия проводит расследование по факту гибели детей, принимавших сироп от кашля","Фото: MOLPIX/FOTODOM/Shutterstock Фото: PAJDJW/FOTODOM/Shutterstock Фото: Denis_Komarov/FOTODOM/Shutterstoсk М.М. Тлиш, М.Е. Шавилова;КубГМУ Возрастные изменения... Фото: Andrey Suslov/FOTODOM/Shutter...",Здравоохранение и экспертные мнения,0.4905,—
"Эксперты обсудили, как сделать отечественные инновации доступнее пациентам","Фото: Africa Studio/FOTODOM/Shutterstock Фото: PAJDJW/FOTODOM/Shutterstock Фото: Denis_Komarov/FOTODOM/Shutterstoсk М.М. Тлиш, М.Е. Шавилова;КубГМУ Возрастные изменения... Фото: Andrey Suslov/FOTODOM/...",Здравоохранение и экспертные мнения,0.4927,—
